DATE,sleep_weather
20100101,True
20100102,True
20100103,True
20100104,True
20100105,True
20100106,True
20100107,False
20100108,True
20100109,True
20100110,True
20100111,True
20100112,True
20100113,True
20100114,True
20100115,True
20100116,True
20100117,True
20100118,True
20100119,True
20100120,False
20100121,True
20100122,True
20100123,True
20100124,True
20100125,True
20100126,False
20100127,True
20100128,True
20100129,True
20100130,True
20100131,True
20100201,True
20100202,True
20100203,True
20100204,True
20100205,True
20100206,True
20100207,True
20100208,True
20100209,True
20100210,True
20100211,True
20100212,True
20100213,True
20100214,True
20100215,True
20100216,False
20100217,False
20100218,True
20100219,True
20100220,True
20100221,True
20100222,True
20100223,True
20100224,True
20100225,True
20100226,True
20100227,True
20100228,True
20100301,True
20100302,False
20100303,False
20100304,False
20100305,True
20100306,False
20100307,False
20100308,False
20100309,False
20100310,False
20100311,True
20100312,True
20100313,True
20100314,True
20100315,True
20100316,True
20100317,True
20100318,True
20100319,True
20100320,True
20100321,True
20100322,True
20100323,True
20100324,False
20100325,False
20100326,True
20100327,True
20100328,True
20100329,True
20100330,True
20100331,False
20100401,False
20100402,False
20100403,True
20100404,True
20100405,False
20100406,False
20100407,False
20100408,True
20100409,False
20100410,False
20100411,False
20100412,False
20100413,False
20100414,False
20100415,False
20100416,False
20100417,False
20100418,False
20100419,False
20100420,False
20100421,False
20100422,False
20100423,False
20100424,False
20100425,False
20100426,False
20100427,False
20100428,False
20100429,False
20100430,False
20100501,False
20100502,True
20100503,True
20100504,False
20100505,False
20100506,True
20100507,True
20100508,True
20100509,False
20100510,True
20100511,True
20100512,True
20100513,True
20100514,True
20100515,True
20100516,False
20100517,True
20100518,False
20100519,True
20100520,False
20100521,False
20100522,False
20100523,False
20100524,False
20100525,False
20100526,True
20100527,True
20100528,False
20100529,False
20100530,True
20100531,True
20100601,True
20100602,False
20100603,False
20100604,False
20100605,False
20100606,False
20100607,False
20100608,False
20100609,False
20100610,False
20100611,False
20100612,True
20100613,False
20100614,False
20100615,False
20100616,False
20100617,False
20100618,True
20100619,True
20100620,True
20100621,True
20100622,False
20100623,False
20100624,False
20100625,False
20100626,False
20100627,False
20100628,False
20100629,False
20100630,False
20100701,False
20100702,False
20100703,False
20100704,False
20100705,False
20100706,False
20100707,False
20100708,False
20100709,False
20100710,False
20100711,False
20100712,False
20100713,False
20100714,False
20100715,False
20100716,False
20100717,False
20100718,False
20100719,False
20100720,False
20100721,False
20100722,False
20100723,False
20100724,False
20100725,False
20100726,True
20100727,False
20100728,False
20100729,True
20100730,False
20100731,False
20100801,False
20100802,False
20100803,False
20100804,False
20100805,False
20100806,False
20100807,False
20100808,False
20100809,False
20100810,False
20100811,False
20100812,False
20100813,False
20100814,False
20100815,True
20100816,True
20100817,True
20100818,False
20100819,False
20100820,False
20100821,False
20100822,False
20100823,False
20100824,False
20100825,False
20100826,False
20100827,True
20100828,False
20100829,True
20100830,True
20100831,False
20100901,False
20100902,False
20100903,False
20100904,False
20100905,False
20100906,False
20100907,True
20100908,False
20100909,True
20100910,True
20100911,False
20100912,True
20100913,True
20100914,True
20100915,False
20100916,False
20100917,False
20100918,False
20100919,True
20100920,False
20100921,False
20100922,False
20100923,False
20100924,True
20100925,False
20100926,True
20100927,True
20100928,True
20100929,False
20100930,True
20101001,True
20101002,True
20101003,False
20101004,False
20101005,True
20101006,False
20101007,False
20101008,False
20101009,False
20101010,False
20101011,False
20101012,False
20101013,False
20101014,True
20101015,True
20101016,True
20101017,True
20101018,True
20101019,True
20101020,False
20101021,False
20101022,True
20101023,True
20101024,False
20101025,False
20101026,False
20101027,True
20101028,True
20101029,True
20101030,True
20101031,True
20101101,True
20101102,True
20101103,True
20101104,True
20101105,True
20101106,True
20101107,True
20101108,True
20101109,True
20101110,True
20101111,True
20101112,True
20101113,True
20101114,True
20101115,True
20101116,True
20101117,True
20101118,True
20101119,True
20101120,True
20101121,False
20101122,True
20101123,True
20101124,True
20101125,True
20101126,True
20101127,True
20101128,False
20101129,True
20101130,True
20101201,True
20101202,True
20101203,True
20101204,False
20101205,True
20101206,True
20101207,True
20101208,True
20101209,True
20101210,True
20101211,True
20101212,True
20101213,False
20101214,True
20101215,False
20101216,True
20101217,True
20101218,False
20101219,True
20101220,True
20101221,True
20101222,True
20101223,True
20101224,True
20101225,True
20101226,True
20101227,True
20101228,True
20101229,True
20101230,False
20101231,True
20110101,True
20110102,True
20110103,True
20110104,False
20110105,True
20110106,True
20110107,True
20110108,True
20110109,False
20110110,False
20110111,True
20110112,True
20110113,True
20110114,True
20110115,True
20110116,False
20110117,True
20110118,True
20110119,True
20110120,True
20110121,True
20110122,True
20110123,True
20110124,True
20110125,True
20110126,True
20110127,False
20110128,False
20110129,False
20110130,False
20110131,True
20110201,True
20110202,True
20110203,True
20110204,True
20110205,True
20110206,True
20110207,True
20110208,False
20110209,False
20110210,True
20110211,True
20110212,True
20110213,True
20110214,True
20110215,True
20110216,False
20110217,False
20110218,True
20110219,True
20110220,True
20110221,False
20110222,False
20110223,True
20110224,True
20110225,True
20110226,True
20110227,True
20110228,True
20110301,False
20110302,False
20110303,False
20110304,False
20110305,False
20110306,False
20110307,False
20110308,False
20110309,True
20110310,True
20110311,True
20110312,True
20110313,True
20110314,True
20110315,False
20110316,False
20110317,True
20110318,True
20110319,False
20110320,False
20110321,False
20110322,False
20110323,False
20110324,False
20110325,True
20110326,True
20110327,False
20110328,False
20110329,False
20110330,False
20110331,True
20110401,True
20110402,False
20110403,True
20110404,True
20110405,True
20110406,False
20110407,False
20110408,False
20110409,False
20110410,False
20110411,False
20110412,False
20110413,False
20110414,True
20110415,False
20110416,False
20110417,False
20110418,False
20110419,False
20110420,False
20110421,False
20110422,False
20110423,False
20110424,False
20110425,False
20110426,False
20110427,True
20110428,True
20110429,False
20110430,False
20110501,False
20110502,False
20110503,False
20110504,False
20110505,False
20110506,False
20110507,False
20110508,False
20110509,False
20110510,False
20110511,False
20110512,False
20110513,False
20110514,False
20110515,True
20110516,True
20110517,True
20110518,False
20110519,False
20110520,False
20110521,False
20110522,False
20110523,False
20110524,False
20110525,False
20110526,False
20110527,False
20110528,True
20110529,False
20110530,False
20110531,True
20110601,False
20110602,False
20110603,False
20110604,False
20110605,False
20110606,False
20110607,False
20110608,True
20110609,False
20110610,False
20110611,False
20110612,False
20110613,False
20110614,False
20110615,False
20110616,False
20110617,False
20110618,True
20110619,True
20110620,False
20110621,False
20110622,False
20110623,False
20110624,True
20110625,True
20110626,False
20110627,False
20110628,False
20110629,False
20110630,False
20110701,False
20110702,True
20110703,True
20110704,False
20110705,False
20110706,False
20110707,False
20110708,False
20110709,False
20110710,False
20110711,False
20110712,False
20110713,True
20110714,True
20110715,False
20110716,False
20110717,False
20110718,False
20110719,False
20110720,False
20110721,True
20110722,True
20110723,True
20110724,True
20110725,False
20110726,True
20110727,False
20110728,False
20110729,True
20110730,True
20110731,True
20110801,False
20110802,False
20110803,False
20110804,False
20110805,False
20110806,False
20110807,False
20110808,True
20110809,True
20110810,False
20110811,False
20110812,False
20110813,False
20110814,False
20110815,False
20110816,False
20110817,False
20110818,False
20110819,False
20110820,False
20110821,False
20110822,False
20110823,False
20110824,False
20110825,False
20110826,False
20110827,True
20110828,False
20110829,True
20110830,True
20110831,False
20110901,False
20110902,False
20110903,False
20110904,False
20110905,False
20110906,True
20110907,True
20110908,True
20110909,False
20110910,False
20110911,False
20110912,False
20110913,False
20110914,False
20110915,False
20110916,False
20110917,False
20110918,True
20110919,False
20110920,True
20110921,True
20110922,True
20110923,False
20110924,False
20110925,False
20110926,False
20110927,False
20110928,False
20110929,False
20110930,False
20111001,False
20111002,False
20111003,False
20111004,False
20111005,True
20111006,True
20111007,True
20111008,True
20111009,True
20111010,True
20111011,True
20111012,True
20111013,False
20111014,False
20111015,False
20111016,False
20111017,True
20111018,True
20111019,False
20111020,False
20111021,False
20111022,False
20111023,False
20111024,False
20111025,True
20111026,False
20111027,False
20111028,False
20111029,True
20111030,False
20111031,False
20111101,False
20111102,True
20111103,True
20111104,True
20111105,True
20111106,True
20111107,True
20111108,False
20111109,False
20111110,False
20111111,False
20111112,False
20111113,True
20111114,False
20111115,False
20111116,False
20111117,False
20111118,True
20111119,True
20111120,False
20111121,False
20111122,False
20111123,True
20111124,True
20111125,False
20111126,True
20111127,True
20111128,False
20111129,False
20111130,False
20111201,True
20111202,True
20111203,True
20111204,True
20111205,False
20111206,False
20111207,True
20111208,True
20111209,False
20111210,False
20111211,False
20111212,True
20111213,True
20111214,True
20111215,True
20111216,True
20111217,False
20111218,True
20111219,True
20111220,True
20111221,True
20111222,True
20111223,True
20111224,False
20111225,True
20111226,True
20111227,True
20111228,True
20111229,True
20111230,True
20111231,True
20120101,True
20120102,True
20120103,True
20120104,True
20120105,True
20120106,True
20120107,True
20120108,True
20120109,True
20120110,True
20120111,True
20120112,True
20120113,False
20120114,True
20120115,False
20120116,False
20120117,False
20120118,False
20120119,True
20120120,True
20120121,True
20120122,True
20120123,True
20120124,True
20120125,True
20120126,True
20120127,False
20120128,False
20120129,True
20120130,True
20120131,False
20120201,False
20120202,False
20120203,False
20120204,False
20120205,False
20120206,False
20120207,False
20120208,False
20120209,False
20120210,False
20120211,False
20120212,True
20120213,True
20120214,True
20120215,True
20120216,True
20120217,True
20120218,True
20120219,False
20120220,False
20120221,True
20120222,True
20120223,True
20120224,True
20120225,True
20120226,True
20120227,True
20120228,True
20120229,True
20120301,True
20120302,True
20120303,True
20120304,True
20120305,True
20120306,False
20120307,True
20120308,False
20120309,True
20120310,True
20120311,True
20120312,True
20120313,True
20120314,False
20120315,False
20120316,False
20120317,True
20120318,True
20120319,False
20120320,False
20120321,False
20120322,False
20120323,False
20120324,False
20120325,False
20120326,False
20120327,False
20120328,False
20120329,True
20120330,True
20120331,True
20120401,False
20120402,True
20120403,True
20120404,True
20120405,True
20120406,True
20120407,True
20120408,False
20120409,True
20120410,True
20120411,True
20120412,True
20120413,False
20120414,True
20120415,True
20120416,False
20120417,False
20120418,True
20120419,True
20120420,False
20120421,True
20120422,True
20120423,False
20120424,True
20120425,True
20120426,True
20120427,True
20120428,False
20120429,False
20120430,False
20120501,False
20120502,False
20120503,True
20120504,False
20120505,True
20120506,True
20120507,False
20120508,False
20120509,False
20120510,False
20120511,False
20120512,False
20120513,False
20120514,False
20120515,True
20120516,False
20120517,False
20120518,True
20120519,False
20120520,False
20120521,False
20120522,False
20120523,False
20120524,False
20120525,False
20120526,False
20120527,False
20120528,False
20120529,False
20120530,False
20120531,False
20120601,True
20120602,False
20120603,True
20120604,True
20120605,False
20120606,True
20120607,False
20120608,False
20120609,False
20120610,False
20120611,True
20120612,True
20120613,True
20120614,True
20120615,False
20120616,True
20120617,False
20120618,False
20120619,False
20120620,False
20120621,False
20120622,False
20120623,False
20120624,True
20120625,True
20120626,False
20120627,False
20120628,False
20120629,False
20120630,False
20120701,False
20120702,False
20120703,False
20120704,False
20120705,False
20120706,False
20120707,False
20120708,False
20120709,False
20120710,False
20120711,True
20120712,False
20120713,False
20120714,True
20120715,True
20120716,True
20120717,False
20120718,False
20120719,False
20120720,True
20120721,False
20120722,False
20120723,False
20120724,False
20120725,False
20120726,False
20120727,False
20120728,False
20120729,False
20120730,False
20120731,False
20120801,False
20120802,False
20120803,False
20120804,False
20120805,False
20120806,False
20120807,False
20120808,False
20120809,False
20120810,False
20120811,False
20120812,False
20120813,False
20120814,False
20120815,False
20120816,False
20120817,False
20120818,False
20120819,False
20120820,False
20120821,False
20120822,False
20120823,False
20120824,False
20120825,False
20120826,True
20120827,False
20120828,False
20120829,False
20120830,False
20120831,True
20120901,False
20120902,False
20120903,False
20120904,False
20120905,False
20120906,True
20120907,False
20120908,False
20120909,False
20120910,False
20120911,False
20120912,False
20120913,True
20120914,False
20120915,False
20120916,False
20120917,True
20120918,True
20120919,False
20120920,False
20120921,True
20120922,False
20120923,True
20120924,False
20120925,True
20120926,True
20120927,True
20120928,False
20120929,False
20120930,False
20121001,False
20121002,True
20121003,True
20121004,True
20121005,True
20121006,True
20121007,False
20121008,False
20121009,False
20121010,False
20121011,False
20121012,True
20121013,True
20121014,True
20121015,True
20121016,False
20121017,True
20121018,False
20121019,False
20121020,False
20121021,False
20121022,False
20121023,False
20121024,False
20121025,True
20121026,True
20121027,False
20121028,False
20121029,True
20121030,True
20121031,False
20121101,True
20121102,True
20121103,False
20121104,True
20121105,True
20121106,False
20121107,True
20121108,True
20121109,True
20121110,True
20121111,False
20121112,False
20121113,True
20121114,False
20121115,True
20121116,False
20121117,False
20121118,True
20121119,False
20121120,False
20121121,True
20121122,False
20121123,True
20121124,True
20121125,False
20121126,False
20121127,True
20121128,True
20121129,True
20121130,True
20121201,True
20121202,True
20121203,True
20121204,True
20121205,True
20121206,False
20121207,True
20121208,False
20121209,True
20121210,True
20121211,False
20121212,True
20121213,True
20121214,True
20121215,True
20121216,True
20121217,True
20121218,True
20121219,True
20121220,True
20121221,True
20121222,True
20121223,True
20121224,True
20121225,True
20121226,True
20121227,True
20121228,True
20121229,True
20121230,True
20121231,True
20130101,True
20130102,True
20130103,True
20130104,True
20130105,True
20130106,True
20130107,True
20130108,True
20130109,True
20130110,True
20130111,False
20130112,False
20130113,False
20130114,True
20130115,True
20130116,True
20130117,True
20130118,True
20130119,True
20130120,True
20130121,True
20130122,True
20130123,True
20130124,True
20130125,True
20130126,True
20130127,True
20130128,True
20130129,True
20130130,True
20130131,True
20130201,True
20130202,True
20130203,True
20130204,True
20130205,True
20130206,True
20130207,True
20130208,True
20130209,True
20130210,False
20130211,True
20130212,True
20130213,False
20130214,True
20130215,True
20130216,True
20130217,True
20130218,False
20130219,True
20130220,False
20130221,True
20130222,True
20130223,True
20130224,True
20130225,True
20130226,True
20130227,True
20130228,True
20130301,True
20130302,True
20130303,True
20130304,False
20130305,False
20130306,False
20130307,True
20130308,True
20130309,True
20130310,True
20130311,True
20130312,True
20130313,False
20130314,False
20130315,False
20130316,True
20130317,True
20130318,False
20130319,True
20130320,True
20130321,True
20130322,False
20130323,True
20130324,True
20130325,False
20130326,False
20130327,False
20130328,True
20130329,True
20130330,True
20130331,True
20130401,False
20130402,False
20130403,False
20130404,True
20130405,True
20130406,True
20130407,False
20130408,True
20130409,True
20130410,True
20130411,True
20130412,True
20130413,True
20130414,False
20130415,False
20130416,True
20130417,False
20130418,False
20130419,False
20130420,False
20130421,True
20130422,False
20130423,True
20130424,False
20130425,False
20130426,True
20130427,True
20130428,False
20130429,False
20130430,True
20130501,True
20130502,False
20130503,True
20130504,False
20130505,False
20130506,False
20130507,False
20130508,False
20130509,False
20130510,False
20130511,False
20130512,True
20130513,True
20130514,True
20130515,True
20130516,True
20130517,True
20130518,True
20130519,False
20130520,True
20130521,True
20130522,True
20130523,True
20130524,False
20130525,True
20130526,True
20130527,False
20130528,False
20130529,True
20130530,True
20130531,False
20130601,True
20130602,False
20130603,False
20130604,False
20130605,False
20130606,False
20130607,False
20130608,False
20130609,True
20130610,False
20130611,False
20130612,False
20130613,False
20130614,False
20130615,False
20130616,False
20130617,False
20130618,False
20130619,False
20130620,False
20130621,False
20130622,False
20130623,True
20130624,True
20130625,True
20130626,True
20130627,True
20130628,True
20130629,True
20130630,False
20130701,False
20130702,False
20130703,False
20130704,False
20130705,False
20130706,False
20130707,False
20130708,False
20130709,False
20130710,False
20130711,True
20130712,False
20130713,False
20130714,False
20130715,False
20130716,False
20130717,False
20130718,False
20130719,False
20130720,False
20130721,False
20130722,False
20130723,False
20130724,False
20130725,False
20130726,False
20130727,False
20130728,False
20130729,False
20130730,False
20130731,False
20130801,False
20130802,False
20130803,False
20130804,False
20130805,False
20130806,False
20130807,False
20130808,False
20130809,False
20130810,False
20130811,False
20130812,False
20130813,False
20130814,False
20130815,False
20130816,False
20130817,False
20130818,False
20130819,False
20130820,False
20130821,False
20130822,False
20130823,False
20130824,False
20130825,False
20130826,False
20130827,False
20130828,False
20130829,False
20130830,False
20130831,False
20130901,True
20130902,False
20130903,False
20130904,False
20130905,False
20130906,False
20130907,False
20130908,True
20130909,True
20130910,True
20130911,True
20130912,True
20130913,False
20130914,True
20130915,True
20130916,False
20130917,False
20130918,True
20130919,True
20130920,True
20130921,True
20130922,True
20130923,True
20130924,False
20130925,True
20130926,True
20130927,False
20130928,False
20130929,False
20130930,False
20131001,False
20131002,False
20131003,True
20131004,True
20131005,True
20131006,True
20131007,False
20131008,True
20131009,True
20131010,True
20131011,True
20131012,True
20131013,True
20131014,True
20131015,True
20131016,True
20131017,False
20131018,True
20131019,True
20131020,True
20131021,False
20131022,False
20131023,False
20131024,False
20131025,True
20131026,False
20131027,True
20131028,True
20131029,False
20131030,False
20131031,False
20131101,True
20131102,True
20131103,True
20131104,True
20131105,True
20131106,True
20131107,True
20131108,True
20131109,True
20131110,False
20131111,False
20131112,True
20131113,False
20131114,True
20131115,True
20131116,True
20131117,True
20131118,True
20131119,True
20131120,True
20131121,True
20131122,True
20131123,True
20131124,True
20131125,False
20131126,True
20131127,True
20131128,True
20131129,True
20131130,True
20131201,True
20131202,True
20131203,False
20131204,True
20131205,False
20131206,True
20131207,True
20131208,True
20131209,True
20131210,False
20131211,True
20131212,False
20131213,False
20131214,True
20131215,True
20131216,True
20131217,True
20131218,True
20131219,True
20131220,False
20131221,True
20131222,True
20131223,True
20131224,True
20131225,True
20131226,True
20131227,True
20131228,True
20131229,False
20131230,False
20131231,True
20140101,True
20140102,True
20140103,True
20140104,False
20140105,False
20140106,True
20140107,False
20140108,True
20140109,True
20140110,False
20140111,False
20140112,False
20140113,True
20140114,False
20140115,True
20140116,True
20140117,True
20140118,True
20140119,True
20140120,True
20140121,True
20140122,True
20140123,True
20140124,True
20140125,True
20140126,True
20140127,True
20140128,False
20140129,False
20140130,False
20140131,False
20140201,True
20140202,False
20140203,False
20140204,False
20140205,False
20140206,True
20140207,True
20140208,True
20140209,True
20140210,True
20140211,True
20140212,False
20140213,True
20140214,False
20140215,True
20140216,False
20140217,False
20140218,True
20140219,True
20140220,True
20140221,False
20140222,False
20140223,False
20140224,False
20140225,True
20140226,True
20140227,False
20140228,True
20140301,True
20140302,False
20140303,True
20140304,False
20140305,False
20140306,False
20140307,False
20140308,False
20140309,False
20140310,False
20140311,False
20140312,False
20140313,False
20140314,False
20140315,True
20140316,True
20140317,True
20140318,True
20140319,True
20140320,False
20140321,True
20140322,True
20140323,False
20140324,False
20140325,False
20140326,False
20140327,False
20140328,False
20140329,False
20140330,False
20140331,False
20140401,False
20140402,False
20140403,False
20140404,True
20140405,True
20140406,False
20140407,False
20140408,False
20140409,False
20140410,True
20140411,True
20140412,False
20140413,False
20140414,False
20140415,False
20140416,False
20140417,False
20140418,False
20140419,False
20140420,False
20140421,True
20140422,True
20140423,False
20140424,False
20140425,False
20140426,True
20140427,True
20140428,True
20140429,True
20140430,True
20140501,True
20140502,True
20140503,False
20140504,False
20140505,False
20140506,False
20140507,False
20140508,True
20140509,True
20140510,True
20140511,True
20140512,True
20140513,True
20140514,False
20140515,True
20140516,False
20140517,False
20140518,False
20140519,False
20140520,False
20140521,False
20140522,False
20140523,False
20140524,False
20140525,False
20140526,True
20140527,True
20140528,True
20140529,True
20140530,True
20140531,False
20140601,False
20140602,False
20140603,False
20140604,False
20140605,False
20140606,False
20140607,False
20140608,False
20140609,False
20140610,False
20140611,False
20140612,False
20140613,False
20140614,True
20140615,False
20140616,True
20140617,True
20140618,False
20140619,True
20140620,True
20140621,False
20140622,False
20140623,False
20140624,False
20140625,False
20140626,False
20140627,False
20140628,True
20140629,True
20140630,False
20140701,False
20140702,False
20140703,False
20140704,False
20140705,False
20140706,False
20140707,False
20140708,True
20140709,True
20140710,False
20140711,False
20140712,False
20140713,False
20140714,False
20140715,False
20140716,False
20140717,False
20140718,False
20140719,False
20140720,False
20140721,False
20140722,False
20140723,False
20140724,False
20140725,False
20140726,False
20140727,False
20140728,False
20140729,False
20140730,False
20140731,False
20140801,False
20140802,False
20140803,False
20140804,False
20140805,False
20140806,False
20140807,False
20140808,False
20140809,False
20140810,False
20140811,False
20140812,False
20140813,False
20140814,True
20140815,True
20140816,True
20140817,True
20140818,False
20140819,False
20140820,False
20140821,False
20140822,True
20140823,False
20140824,False
20140825,True
20140826,True
20140827,False
20140828,False
20140829,True
20140830,True
20140831,True
20140901,True
20140902,False
20140903,False
20140904,False
20140905,False
20140906,False
20140907,False
20140908,False
20140909,True
20140910,True
20140911,False
20140912,False
20140913,False
20140914,False
20140915,False
20140916,False
20140917,False
20140918,False
20140919,False
20140920,False
20140921,True
20140922,False
20140923,False
20140924,True
20140925,True
20140926,True
20140927,False
20140928,False
20140929,False
20140930,False
20141001,False
20141002,False
20141003,False
20141004,False
20141005,True
20141006,True
20141007,True
20141008,True
20141009,True
20141010,True
20141011,False
20141012,True
20141013,False
20141014,False
20141015,True
20141016,True
20141017,False
20141018,False
20141019,False
20141020,False
20141021,True
20141022,True
20141023,True
20141024,True
20141025,True
20141026,True
20141027,True
20141028,True
20141029,True
20141030,True
20141031,True
20141101,False
20141102,False
20141103,True
20141104,True
20141105,True
20141106,True
20141107,False
20141108,False
20141109,True
20141110,False
20141111,True
20141112,True
20141113,False
20141114,True
20141115,True
20141116,True
20141117,True
20141118,True
20141119,True
20141120,False
20141121,False
20141122,False
20141123,True
20141124,False
20141125,False
20141126,True
20141127,True
20141128,False
20141129,True
20141130,True
20141201,True
20141202,True
20141203,True
20141204,True
20141205,True
20141206,True
20141207,True
20141208,False
20141209,True
20141210,False
20141211,True
20141212,True
20141213,True
20141214,False
20141215,True
20141216,True
20141217,True
20141218,True
20141219,True
20141220,False
20141221,True
20141222,True
20141223,True
20141224,True
20141225,False
20141226,True
20141227,True
20141228,False
20141229,True
20141230,True
20141231,True
20150101,False
20150102,True
20150103,True
20150104,False
20150105,True
20150106,True
20150107,True
20150108,True
20150109,True
20150110,True
20150111,True
20150112,True
20150113,True
20150114,False
20150115,True
20150116,True
20150117,False
20150118,True
20150119,True
20150120,True
20150121,True
20150122,True
20150123,True
20150124,True
20150125,True
20150126,True
20150127,True
20150128,True
20150129,False
20150130,True
20150131,False
20150201,True
20150202,True
20150203,True
20150204,False
20150205,False
20150206,False
20150207,False
20150208,True
20150209,True
20150210,True
20150211,False
20150212,False
20150213,False
20150214,False
20150215,False
20150216,False
20150217,True
20150218,True
20150219,False
20150220,True
20150221,True
20150222,True
20150223,True
20150224,False
20150225,True
20150226,True
20150227,False
20150228,False
20150301,True
20150302,False
20150303,False
20150304,False
20150305,True
20150306,True
20150307,False
20150308,False
20150309,True
20150310,False
20150311,False
20150312,False
20150313,False
20150314,True
20150315,True
20150316,False
20150317,False
20150318,False
20150319,True
20150320,True
20150321,True
20150322,False
20150323,False
20150324,True
20150325,True
20150326,True
20150327,True
20150328,True
20150329,True
20150330,False
20150331,True
20150401,True
20150402,True
20150403,True
20150404,False
20150405,False
20150406,False
20150407,False
20150408,True
20150409,False
20150410,False
20150411,True
20150412,True
20150413,True
20150414,False
20150415,False
20150416,False
20150417,False
20150418,False
20150419,False
20150420,False
20150421,False
20150422,False
20150423,False
20150424,False
20150425,True
20150426,True
20150427,True
20150428,False
20150429,True
20150430,True
20150501,False
20150502,False
20150503,True
20150504,False
20150505,False
20150506,False
20150507,False
20150508,False
20150509,True
20150510,False
20150511,False
20150512,False
20150513,False
20150514,False
20150515,False
20150516,True
20150517,True
20150518,False
20150519,False
20150520,False
20150521,False
20150522,False
20150523,True
20150524,False
20150525,True
20150526,True
20150527,True
20150528,True
20150529,True
20150530,True
20150531,True
20150601,True
20150602,False
20150603,False
20150604,False
20150605,False
20150606,False
20150607,False
20150608,False
20150609,False
20150610,False
20150611,False
20150612,False
20150613,False
20150614,False
20150615,False
20150616,False
20150617,False
20150618,False
20150619,True
20150620,True
20150621,False
20150622,True
20150623,True
20150624,False
20150625,False
20150626,False
20150627,False
20150628,False
20150629,False
20150630,False
20150701,False
20150702,False
20150703,False
20150704,False
20150705,False
20150706,False
20150707,False
20150708,True
20150709,False
20150710,False
20150711,False
20150712,True
20150713,True
20150714,False
20150715,False
20150716,False
20150717,False
20150718,False
20150719,False
20150720,False
20150721,False
20150722,False
20150723,False
20150724,False
20150725,False
20150726,False
20150727,False
20150728,False
20150729,False
20150730,False
20150731,False
20150801,False
20150802,False
20150803,False
20150804,False
20150805,False
20150806,False
20150807,False
20150808,False
20150809,False
20150810,False
20150811,False
20150812,False
20150813,False
20150814,False
20150815,False
20150816,True
20150817,True
20150818,True
20150819,False
20150820,False
20150821,False
20150822,False
20150823,False
20150824,False
20150825,False
20150826,False
20150827,False
20150828,False
20150829,False
20150830,False
20150831,False
20150901,False
20150902,False
20150903,False
20150904,True
20150905,True
20150906,True
20150907,True
20150908,True
20150909,False
20150910,False
20150911,False
20150912,False
20150913,True
20150914,False
20150915,False
20150916,True
20150917,True
20150918,False
20150919,True
20150920,True
20150921,False
20150922,True
20150923,True
20150924,True
20150925,True
20150926,False
20150927,False
20150928,False
20150929,False
20150930,False
20151001,False
20151002,False
20151003,False
20151004,False
20151005,True
20151006,False
20151007,True
20151008,True
20151009,True
20151010,False
20151011,False
20151012,False
20151013,True
20151014,True
20151015,True
20151016,True
20151017,True
20151018,True
20151019,True
20151020,True
20151021,True
20151022,True
20151023,True
20151024,True
20151025,True
20151026,False
20151027,False
20151028,True
20151029,False
20151030,False
20151031,False
20151101,False
20151102,False
20151103,False
20151104,True
20151105,True
20151106,True
20151107,True
20151108,True
20151109,True
20151110,True
20151111,True
20151112,True
20151113,True
20151114,True
20151115,True
20151116,True
20151117,True
20151118,True
20151119,True
20151120,True
20151121,True
20151122,False
20151123,False
20151124,True
20151125,True
20151126,False
20151127,False
20151128,True
20151129,True
20151130,True
20151201,True
20151202,True
20151203,True
20151204,False
20151205,False
20151206,True
20151207,True
20151208,False
20151209,False
20151210,False
20151211,True
20151212,True
20151213,True
20151214,False
20151215,True
20151216,True
20151217,True
20151218,True
20151219,True
20151220,True
20151221,True
20151222,True
20151223,True
20151224,True
20151225,True
20151226,True
20151227,True
20151228,False
20151229,True
20151230,False
20151231,False
20160101,True
20160102,True
20160103,True
20160104,True
20160105,True
20160106,True
20160107,True
20160108,False
20160109,True
20160110,True
20160111,True
20160112,True
20160113,True
20160114,True
20160115,True
20160116,False
20160117,False
20160118,False
20160119,False
20160120,True
20160121,True
20160122,False
20160123,True
20160124,True
20160125,True
20160126,True
20160127,True
20160128,False
20160129,True
20160130,True
20160131,True
20160201,True
20160202,True
20160203,True
20160204,True
20160205,True
20160206,True
20160207,False
20160208,True
20160209,True
20160210,True
20160211,True
20160212,False
20160213,True
20160214,True
20160215,True
20160216,False
20160217,False
20160218,True
20160219,True
20160220,True
20160221,True
20160222,True
20160223,True
20160224,False
20160225,False
20160226,True
20160227,False
20160228,False
20160229,False
20160301,False
20160302,True
20160303,False
20160304,True
20160305,True
20160306,False
20160307,False
20160308,False
20160309,False
20160310,False
20160311,False
20160312,False
20160313,False
20160314,False
20160315,False
20160316,False
20160317,False
20160318,True
20160319,True
20160320,True
20160321,True
20160322,True
20160323,True
20160324,True
20160325,True
20160326,False
20160327,True
20160328,True
20160329,True
20160330,True
20160331,True
20160401,False
20160402,True
20160403,True
20160404,False
20160405,True
20160406,False
20160407,False
20160408,False
20160409,False
20160410,False
20160411,False
20160412,False
20160413,True
20160414,False
20160415,True
20160416,True
20160417,False
20160418,False
20160419,True
20160420,False
20160421,False
20160422,True
20160423,False
20160424,False
20160425,True
20160426,True
20160427,True
20160428,False
20160429,True
20160430,True
20160501,False
20160502,False
20160503,False
20160504,False
20160505,False
20160506,False
20160507,False
20160508,False
20160509,False
20160510,False
20160511,False
20160512,False
20160513,False
20160514,True
20160515,True
20160516,True
20160517,True
20160518,True
20160519,False
20160520,True
20160521,False
20160522,False
20160523,True
20160524,True
20160525,True
20160526,False
20160527,False
20160528,False
20160529,False
20160530,False
20160531,False
20160601,False
20160602,False
20160603,False
20160604,False
20160605,False
20160606,False
20160607,False
20160608,False
20160609,False
20160610,False
20160611,False
20160612,False
20160613,False
20160614,False
20160615,True
20160616,False
20160617,False
20160618,True
20160619,False
20160620,False
20160621,False
20160622,False
20160623,False
20160624,False
20160625,True
20160626,False
20160627,True
20160628,False
20160629,False
20160630,False
20160701,False
20160702,False
20160703,False
20160704,False
20160705,False
20160706,False
20160707,False
20160708,False
20160709,False
20160710,False
20160711,False
20160712,False
20160713,True
20160714,False
20160715,False
20160716,False
20160717,False
20160718,False
20160719,False
20160720,False
20160721,False
20160722,False
20160723,False
20160724,False
20160725,False
20160726,False
20160727,False
20160728,False
20160729,False
20160730,False
20160731,False
20160801,False
20160802,True
20160803,True
20160804,False
20160805,False
20160806,False
20160807,False
20160808,False
20160809,True
20160810,False
20160811,True
20160812,False
20160813,False
20160814,False
20160815,False
20160816,False
20160817,False
20160818,False
20160819,False
20160820,False
20160821,True
20160822,False
20160823,False
20160824,False
20160825,False
20160826,False
20160827,False
20160828,False
20160829,False
20160830,False
20160831,False
20160901,False
20160902,False
20160903,False
20160904,False
20160905,False
20160906,False
20160907,False
20160908,False
20160909,False
20160910,False
20160911,False
20160912,False
20160913,False
20160914,False
20160915,False
20160916,False
20160917,False
20160918,True
20160919,True
20160920,True
20160921,False
20160922,False
20160923,False
20160924,False
20160925,False
20160926,False
20160927,False
20160928,False
20160929,False
20160930,True
20161001,True
20161002,True
20161003,True
20161004,False
20161005,False
20161006,True
20161007,True
20161008,False
20161009,False
20161010,True
20161011,False
20161012,True
20161013,True
20161014,True
20161015,False
20161016,False
20161017,True
20161018,False
20161019,True
20161020,True
20161021,True
20161022,True
20161023,False
20161024,True
20161025,True
20161026,True
20161027,True
20161028,True
20161029,False
20161030,False
20161031,False
20161101,True
20161102,False
20161103,True
20161104,True
20161105,True
20161106,True
20161107,True
20161108,True
20161109,True
20161110,True
20161111,True
20161112,False
20161113,True
20161114,True
20161115,True
20161116,True
20161117,True
20161118,True
20161119,True
20161120,True
20161121,True
20161122,True
20161123,True
20161124,True
20161125,False
20161126,True
20161127,True
20161128,False
20161129,False
20161130,False
20161201,True
20161202,False
20161203,False
20161204,False
20161205,False
20161206,False
20161207,True
20161208,True
20161209,True
20161210,True
20161211,True
20161212,True
20161213,True
20161214,True
20161215,True
20161216,False
20161217,True
20161218,True
20161219,False
20161220,False
20161221,True
20161222,True
20161223,True
20161224,True
20161225,True
20161226,False
20161227,False
20161228,True
20161229,False
20161230,False
20161231,False
20170101,True
20170102,True
20170103,True
20170104,True
20170105,False
20170106,False
20170107,True
20170108,True
20170109,True
20170110,True
20170111,True
20170112,True
20170113,True
20170114,False
20170115,True
20170116,False
20170117,False
20170118,False
20170119,False
20170120,False
20170121,False
20170122,False
20170123,True
20170124,True
20170125,False
20170126,False
20170127,False
20170128,True
20170129,True
20170130,True
20170131,True
20170201,True
20170202,False
20170203,True
20170204,True
20170205,True
20170206,False
20170207,True
20170208,True
20170209,True
20170210,True
20170211,True
20170212,False
20170213,False
20170214,False
20170215,False
20170216,True
20170217,True
20170218,True
20170219,True
20170220,True
20170221,True
20170222,True
20170223,True
20170224,False
20170225,True
20170226,True
20170227,True
20170228,True
20170301,True
20170302,True
20170303,True
20170304,True
20170305,True
20170306,True
20170307,True
20170308,True
20170309,True
20170310,False
20170311,True
20170312,False
20170313,False
20170314,True
20170315,False
20170316,False
20170317,True
20170318,True
20170319,True
20170320,True
20170321,True
20170322,False
20170323,False
20170324,False
20170325,False
20170326,False
20170327,False
20170328,False
20170329,True
20170330,False
20170331,False
20170401,True
20170402,False
20170403,False
20170404,False
20170405,False
20170406,True
20170407,True
20170408,False
20170409,False
20170410,False
20170411,True
20170412,True
20170413,True
20170414,True
20170415,True
20170416,True
20170417,True
20170418,False
20170419,False
20170420,False
20170421,True
20170422,True
20170423,True
20170424,True
20170425,True
20170426,False
20170427,False
20170428,False
20170429,False
20170430,False
20170501,True
20170502,True
20170503,True
20170504,True
20170505,True
20170506,False
20170507,True
20170508,True
20170509,False
20170510,False
20170511,False
20170512,False
20170513,False
20170514,False
20170515,False
20170516,False
20170517,False
20170518,False
20170519,True
20170520,False
20170521,False
20170522,False
20170523,False
20170524,False
20170525,False
20170526,False
20170527,False
20170528,False
20170529,False
20170530,False
20170531,False
20170601,False
20170602,False
20170603,False
20170604,False
20170605,False
20170606,True
20170607,False
20170608,False
20170609,False
20170610,False
20170611,False
20170612,False
20170613,False
20170614,False
20170615,False
20170616,False
20170617,False
20170618,False
20170619,False
20170620,False
20170621,False
20170622,False
20170623,False
20170624,False
20170625,False
20170626,False
20170627,False
20170628,False
20170629,False
20170630,False
20170701,True
20170702,False
20170703,False
20170704,False
20170705,False
20170706,False
20170707,False
20170708,False
20170709,False
20170710,False
20170711,False
20170712,True
20170713,False
20170714,False
20170715,False
20170716,False
20170717,False
20170718,False
20170719,False
20170720,False
20170721,False
20170722,False
20170723,False
20170724,True
20170725,True
20170726,False
20170727,False
20170728,False
20170729,False
20170730,False
20170731,False
20170801,False
20170802,False
20170803,False
20170804,False
20170805,False
20170806,False
20170807,False
20170808,False
20170809,False
20170810,True
20170811,True
20170812,True
20170813,False
20170814,False
20170815,False
20170816,False
20170817,False
20170818,False
20170819,False
20170820,False
20170821,False
20170822,False
20170823,False
20170824,False
20170825,False
20170826,False
20170827,False
20170828,False
20170829,False
20170830,False
20170831,True
20170901,False
20170902,False
20170903,False
20170904,False
20170905,False
20170906,False
20170907,True
20170908,True
20170909,True
20170910,False
20170911,True
20170912,False
20170913,True
20170914,True
20170915,False
20170916,False
20170917,False
20170918,True
20170919,True
20170920,True
20170921,False
20170922,True
20170923,False
20170924,False
20170925,False
20170926,True
20170927,False
20170928,False
20170929,False
20170930,True
20171001,False
20171002,True
20171003,True
20171004,True
20171005,False
20171006,False
20171007,True
20171008,True
20171009,True
20171010,True
20171011,True
20171012,True
20171013,False
20171014,False
20171015,False
20171016,False
20171017,False
20171018,False
20171019,False
20171020,True
20171021,False
20171022,True
20171023,True
20171024,True
20171025,True
20171026,True
20171027,True
20171028,True
20171029,False
20171030,False
20171031,True
20171101,True
20171102,True
20171103,True
20171104,True
20171105,True
20171106,False
20171107,False
20171108,True
20171109,True
20171110,True
20171111,True
20171112,True
20171113,False
20171114,True
20171115,True
20171116,True
20171117,False
20171118,True
20171119,True
20171120,True
20171121,True
20171122,False
20171123,True
20171124,True
20171125,True
20171126,False
20171127,True
20171128,True
20171129,False
20171130,True
20171201,True
20171202,True
20171203,True
20171204,True
20171205,True
20171206,True
20171207,True
20171208,True
20171209,True
20171210,True
20171211,True
20171212,True
20171213,True
20171214,True
20171215,True
20171216,True
20171217,True
20171218,True
20171219,True
20171220,True
20171221,True
20171222,True
20171223,True
20171224,True
20171225,True
20171226,False
20171227,True
20171228,True
20171229,False
20171230,True
20171231,True
20180101,True
20180102,True
20180103,True
20180104,True
20180105,True
20180106,True
20180107,True
20180108,True
20180109,True
20180110,True
20180111,True
20180112,True
20180113,True
20180114,False
20180115,True
20180116,False
20180117,True
20180118,True
20180119,True
20180120,True
20180121,True
20180122,True
20180123,True
20180124,True
20180125,True
20180126,True
20180127,True
20180128,True
20180129,True
20180130,False
20180131,True
20180201,False
20180202,True
20180203,True
20180204,True
20180205,False
20180206,True
20180207,False
20180208,False
20180209,True
20180210,True
20180211,True
20180212,False
20180213,False
20180214,False
20180215,True
20180216,False
20180217,False
20180218,False
20180219,True
20180220,False
20180221,False
20180222,False
20180223,False
20180224,False
20180225,False
20180226,False
20180227,False
20180228,False
20180301,True
20180302,True
20180303,True
20180304,True
20180305,False
20180306,True
20180307,True
20180308,False
20180309,True
20180310,True
20180311,True
20180312,True
20180313,True
20180314,False
20180315,True
20180316,True
20180317,True
20180318,True
20180319,False
20180320,False
20180321,True
20180322,True
20180323,True
20180324,False
20180325,False
20180326,False
20180327,True
20180328,True
20180329,True
20180330,True
20180331,True
20180401,True
20180402,True
20180403,True
20180404,True
20180405,True
20180406,False
20180407,False
20180408,False
20180409,True
20180410,True
20180411,True
20180412,False
20180413,True
20180414,True
20180415,False
20180416,False
20180417,False
20180418,False
20180419,False
20180420,False
20180421,False
20180422,False
20180423,False
20180424,True
20180425,True
20180426,False
20180427,True
20180428,True
20180429,False
20180430,True
20180501,False
20180502,False
20180503,True
20180504,False
20180505,False
20180506,False
20180507,False
20180508,False
20180509,False
20180510,False
20180511,False
20180512,False
20180513,True
20180514,False
20180515,False
20180516,False
20180517,False
20180518,True
20180519,False
20180520,False
20180521,False
20180522,False
20180523,False
20180524,False
20180525,False
20180526,False
20180527,False
20180528,False
20180529,False
20180530,False
20180531,False
20180601,False
20180602,False
20180603,False
20180604,False
20180605,False
20180606,False
20180607,False
20180608,False
20180609,False
20180610,False
20180611,False
20180612,True
20180613,True
20180614,False
20180615,False
20180616,False
20180617,True
20180618,False
20180619,False
20180620,False
20180621,False
20180622,False
20180623,True
20180624,True
20180625,False
20180626,False
20180627,False
20180628,False
20180629,False
20180630,False
20180701,False
20180702,False
20180703,False
20180704,False
20180705,False
20180706,False
20180707,False
20180708,False
20180709,False
20180710,False
20180711,False
20180712,False
20180713,False
20180714,False
20180715,False
20180716,False
20180717,False
20180718,False
20180719,False
20180720,False
20180721,False
20180722,False
20180723,False
20180724,False
20180725,False
20180726,False
20180727,False
20180728,False
20180729,False
20180730,False
20180731,False
20180801,False
20180802,False
20180803,False
20180804,False
20180805,False
20180806,False
20180807,False
20180808,False
20180809,False
20180810,False
20180811,False
20180812,False
20180813,False
20180814,False
20180815,False
20180816,False
20180817,False
20180818,False
20180819,False
20180820,False
20180821,False
20180822,False
20180823,False
20180824,False
20180825,False
20180826,False
20180827,False
20180828,False
20180829,False
20180830,False
20180831,False
20180901,False
20180902,False
20180903,False
20180904,False
20180905,False
20180906,False
20180907,False
20180908,False
20180909,False
20180910,False
20180911,False
20180912,False
20180913,True
20180914,False
20180915,False
20180916,False
20180917,False
20180918,False
20180919,False
20180920,False
20180921,False
20180922,True
20180923,True
20180924,False
20180925,False
20180926,False
20180927,False
20180928,False
20180929,False
20180930,False
20181001,False
20181002,True
20181003,False
20181004,False
20181005,False
20181006,False
20181007,False
20181008,False
20181009,False
20181010,False
20181011,False
20181012,False
20181013,False
20181014,False
20181015,False
20181016,False
20181017,False
20181018,True
20181019,False
20181020,False
20181021,False
20181022,False
20181023,True
20181024,True
20181025,True
20181026,True
20181027,False
20181028,True
20181029,True
20181030,True
20181031,True
20181101,True
20181102,False
20181103,False
20181104,False
20181105,True
20181106,False
20181107,True
20181108,False
20181109,True
20181110,True
20181111,True
20181112,True
20181113,False
20181114,False
20181115,False
20181116,False
20181117,False
20181118,False
20181119,False
20181120,True
20181121,False
20181122,False
20181123,False
20181124,True
20181125,True
20181126,True
20181127,True
20181128,True
20181129,True
20181130,True
20181201,True
20181202,True
20181203,True
20181204,False
20181205,True
20181206,True
20181207,True
20181208,True
20181209,True
20181210,False
20181211,True
20181212,False
20181213,False
20181214,True
20181215,True
20181216,True
20181217,True
20181218,True
20181219,True
20181220,True
20181221,True
20181222,True
20181223,True
20181224,False
20181225,True
20181226,False
20181227,True
20181228,False
20181229,True
20181230,True
20181231,True
20190101,True
20190102,False
20190103,True
20190104,True
20190105,True
20190106,True
20190107,True
20190108,True
20190109,False
20190110,True
20190111,True
20190112,True
20190113,True
20190114,True
20190115,True
20190116,True
20190117,True
20190118,False
20190119,False
20190120,False
20190121,False
20190122,True
20190123,True
20190124,True
20190125,True
20190126,True
20190127,True
20190128,True
20190129,True
20190130,True
20190131,False
20190201,True
20190202,True
20190203,False
20190204,False
20190205,True
20190206,True
20190207,True
20190208,True
20190209,True
20190210,True
20190211,False
20190212,False
20190213,True
20190214,False
20190215,False
20190216,False
20190217,False
20190218,False
20190219,True
20190220,True
20190221,True
20190222,True
20190223,False
20190224,False
20190225,False
20190226,False
20190227,False
20190228,False
20190301,True
20190302,True
20190303,True
20190304,True
20190305,True
20190306,True
20190307,True
20190308,True
20190309,True
20190310,True
20190311,True
20190312,True
20190313,True
20190314,True
20190315,True
20190316,True
20190317,True
20190318,False
20190319,False
20190320,False
20190321,False
20190322,False
20190323,True
20190324,False
20190325,False
20190326,True
20190327,True
20190328,True
20190329,False
20190330,False
20190331,False
20190401,False
20190402,True
20190403,True
20190404,True
20190405,True
20190406,True
20190407,False
20190408,True
20190409,True
20190410,False
20190411,False
20190412,True
20190413,False
20190414,False
20190415,False
20190416,False
20190417,True
20190418,False
20190419,False
20190420,False
20190421,False
20190422,False
20190423,False
20190424,False
20190425,False
20190426,True
20190427,True
20190428,False
20190429,False
20190430,False
20190501,False
20190502,True
20190503,True
20190504,False
20190505,False
20190506,True
20190507,True
20190508,True
20190509,True
20190510,True
20190511,False
20190512,False
20190513,False
20190514,False
20190515,False
20190516,True
20190517,True
20190518,False
20190519,False
20190520,True
20190521,True
20190522,True
20190523,False
20190524,False
20190525,False
20190526,False
20190527,False
20190528,True
20190529,False
20190530,False
20190531,False
20190601,False
20190602,False
20190603,False
20190604,False
20190605,False
20190606,True
20190607,False
20190608,True
20190609,False
20190610,False
20190611,False
20190612,False
20190613,False
20190614,False
20190615,False
20190616,False
20190617,False
20190618,False
20190619,False
20190620,False
20190621,False
20190622,False
20190623,False
20190624,False
20190625,False
20190626,False
20190627,False
20190628,False
20190629,False
20190630,False
20190701,False
20190702,False
20190703,False
20190704,False
20190705,False
20190706,False
20190707,False
20190708,False
20190709,False
20190710,False
20190711,False
20190712,False
20190713,False
20190714,True
20190715,True
20190716,False
20190717,False
20190718,False
20190719,False
20190720,False
20190721,False
20190722,False
20190723,False
20190724,False
20190725,False
20190726,False
20190727,False
20190728,False
20190729,False
20190730,False
20190731,False
20190801,False
20190802,False
20190803,False
20190804,False
20190805,False
20190806,False
20190807,False
20190808,False
20190809,False
20190810,False
20190811,False
20190812,False
20190813,False
20190814,False
20190815,False
20190816,False
20190817,False
20190818,True
20190819,False
20190820,False
20190821,False
20190822,False
20190823,False
20190824,False
20190825,False
20190826,False
20190827,False
20190828,False
20190829,False
20190830,False
20190831,False
20190901,False
20190902,False
20190903,True
20190904,False
20190905,False
20190906,False
20190907,True
20190908,True
20190909,False
20190910,False
20190911,False
20190912,False
20190913,False
20190914,False
20190915,False
20190916,True
20190917,True
20190918,False
20190919,False
20190920,False
20190921,False
20190922,False
20190923,False
20190924,False
20190925,True
20190926,True
20190927,False
20190928,True
20190929,True
20190930,True
20191001,True
20191002,False
20191003,True
20191004,True
20191005,True
20191006,True
20191007,True
20191008,True
20191009,True
20191010,False
20191011,True
20191012,False
20191013,False
20191014,False
20191015,True
20191016,True
20191017,True
20191018,True
20191019,True
20191020,True
20191021,True
20191022,True
20191023,True
20191024,False
20191025,True
20191026,False
20191027,True
20191028,False
20191029,False
20191030,False
20191031,False
20191101,True
20191102,True
20191103,True
20191104,True
20191105,True
20191106,True
20191107,True
20191108,False
20191109,False
20191110,False
20191111,True
20191112,False
20191113,True
20191114,False
20191115,True
20191116,False
20191117,True
20191118,True
20191119,True
20191120,False
20191121,False
20191122,True
20191123,True
20191124,True
20191125,True
20191126,True
20191127,True
20191128,True
20191129,False
20191130,False
20191201,True
20191202,True
20191203,False
20191204,False
20191205,False
20191206,True
20191207,True
20191208,True
20191209,True
20191210,False
20191211,True
20191212,True
20191213,True
20191214,True
20191215,True
20191216,True
20191217,True
20191218,False
20191219,False
20191220,True
20191221,False
20191222,True
20191223,True
20191224,True
20191225,True
20191226,True
20191227,True
20191228,True
20191229,True
20191230,False
20191231,False
20200101,False
